skill_name,skill_type,normalized_name
3D graphics software,technology_or_category,3d graphics software
3M Post-it App,technology,3m post it app
A programming language APL,technology_or_category,a programming language apl
ABC Compiler,technology,abc compiler
ABC: the AspectBench Compiler for AspectJ,technology,abc the aspectbench compiler for aspectj
ADO.NET,technology,ado.net
ADP Workforce Now,technology,adp workforce now
AJAX,technology,ajax
ASG Technologies ASG-Zeke,technology,asg technologies asg zeke
AVEVA InTouch HMI,technology,aveva intouch hmi
AWK,technology,awk
Ab Initio,technology,ab initio
Access management software,technology_or_category,access management software
AccessData FTK,technology,accessdata ftk
AcmeStudio,technology,acmestudio
Acresso InstallAnywhere,technology,acresso installanywhere
Acronis Recovery Expert,technology,acronis recovery expert
Active directory software,technology_or_category,active directory software
Actuate Eclipse BIRT,technology,actuate eclipse birt
Ada,technology,ada
Adaptive Metadata Manager,technology,adaptive metadata manager
Adeptia ETL Suite,technology,adeptia etl suite
Adexa eGPS Suite,technology,adexa egps suite
Adobe AIR,technology,adobe air
Adobe Acrobat,technology,adobe acrobat
Adobe ActionScript,technology,adobe actionscript
Adobe After Effects,technology,adobe after effects
Adobe ColdFusion,technology,adobe coldfusion
Adobe Creative Cloud software,technology_or_category,adobe creative cloud software
Adobe Director,technology,adobe director
Adobe Dreamweaver,technology,adobe dreamweaver
Adobe Experience Manager (AEM),technology,adobe experience manager aem
Adobe Flex,technology,adobe flex
Adobe FrameMaker,technology,adobe framemaker
Adobe FreeHand MX,technology,adobe freehand mx
Adobe Illustrator,technology,adobe illustrator
Adobe InDesign,technology,adobe indesign
Adobe Macromedia HomeSite,technology,adobe macromedia homesite
Adobe PageMaker,technology,adobe pagemaker
Adobe Photoshop,technology,adobe photoshop
Adobe PostScript,technology,adobe postscript
Advanced business application programming ABAP,technology_or_category,advanced business application programming abap
Advanced numerical software,technology_or_category,advanced numerical software
Airtable,technology,airtable
Algorithmic language ALGOL,technology,algorithmic language algol
Algorithmic software,technology_or_category,algorithmic software
Allaire ColdFusion,technology,allaire coldfusion
Allscripts Professional EHR,technology,allscripts professional ehr
Allscripts Sunrise,technology,allscripts sunrise
Alteryx software,technology_or_category,alteryx software
Altia Design,technology,altia design
Altova MapForce,technology,altova mapforce
Amazon Data Pipeline,technology,amazon data pipeline
Amazon DynamoDB,technology,amazon dynamodb
Amazon Elastic Compute Cloud EC2,technology,amazon elastic compute cloud ec2
Amazon Elastic Container Service ECS,technology,amazon elastic container service ecs
Amazon Kinesis,technology,amazon kinesis
Amazon Redshift,technology,amazon redshift
Amazon Simple Storage Service S3,technology,amazon simple storage service s3
Amazon Web Services AWS CloudFormation,technology,amazon web services aws cloudformation
Amazon Web Services AWS SageMaker,technology,amazon web services aws sagemaker
Amazon Web Services AWS software,technology_or_category,amazon web services aws software
American National Standards Institute ANSI C,technology,american national standards institute ansi c
Amkai AmkaiCharts,technology,amkai amkaicharts
Ansible software,technology_or_category,ansible software
Anti-Trojan software,technology_or_category,anti trojan software
Anti-phishing software,technology_or_category,anti phishing software
Anti-spyware software,technology_or_category,anti spyware software
Antivirus software,technology_or_category,antivirus software
Aonix Software Through Pictures,technology_or_category,aonix software through pictures
Apache Airflow,technology,apache airflow
Apache Ant,technology,apache ant
Apache Avro,technology,apache avro
Apache Cassandra,technology,apache cassandra
Apache Flume,technology,apache flume
Apache Groovy,technology,apache groovy
Apache HBase,technology,apache hbase
Apache HTTP Server,technology,apache http server
Apache Hadoop,technology,apache hadoop
Apache Hive,technology,apache hive
Apache JMeter,technology,apache jmeter
Apache Kafka,technology,apache kafka
Apache MXNet,technology,apache mxnet
Apache Mahout,technology,apache mahout
Apache Maven,technology,apache maven
Apache Oozie,technology,apache oozie
Apache Pig,technology,apache pig
Apache Solr,technology,apache solr
Apache Spark,technology,apache spark
Apache Sqoop,technology,apache sqoop
Apache Struts,technology,apache struts
Apache Subversion SVN,technology,apache subversion svn
Apache Tomcat,technology,apache tomcat
Apatar,technology,apatar
Appium,technology,appium
Apple Cocoa,technology,apple cocoa
Apple Final Cut Pro,technology,apple final cut pro
Apple Keynote,technology,apple keynote
Apple Safari,technology,apple safari
Apple iOS,technology,apple ios
Apple macOS,technology,apple macos
Application management software,technology_or_category,application management software
ArcSight Enterprise Threat and Risk Management,technology,arcsight enterprise threat and risk management
Architecture description language ADL,technology,architecture description language adl
Aster Data nCluster,technology,aster data ncluster
Atlassian Bamboo,technology,atlassian bamboo
Atlassian Bitbucket,technology,atlassian bitbucket
Atlassian Confluence,technology,atlassian confluence
Atlassian HipChat,technology,atlassian hipchat
Atlassian JIRA,technology,atlassian jira
Augmint,technology,augmint
Autodesk AutoCAD,technology,autodesk autocad
Autodesk Revit,technology,autodesk revit
Automated audit trail analysis software,technology_or_category,automated audit trail analysis software
Automated document generation software,technology_or_category,automated document generation software
Automated installation software,technology_or_category,automated installation software
Automated media tracking software,technology_or_category,automated media tracking software
B-Method,technology,b method
BEA Tuxedo,technology,bea tuxedo
BMC Software Change Manager,technology_or_category,bmc software change manager
BMC Software Control-M,technology_or_category,bmc software control m
BMC Software Recovery Manager RMAN,technology_or_category,bmc software recovery manager rman
Backbone.js,technology,backbone.js
Backup and archival software,technology_or_category,backup and archival software
Basecamp,technology,basecamp
Bash,technology,bash
Basis BBx VisualPRO/5,technology,basis bbx visualpro 5
Beginner's all-purpose symbolic instruction code BASIC,technology,beginner s all purpose symbolic instruction code basic
Bentley MicroStation,technology,bentley microstation
Berkeley Internet Domain Name BIND,technology,berkeley internet domain name bind
Bidirectional encoder representations from transformers (BERT),technology,bidirectional encoder representations from transformers bert
BigQuery,technology,bigquery
Bigloo Scheme,technology,bigloo scheme
Bizmatics PrognoCIS EMR,technology,bizmatics prognocis emr
Blackbaud The Raiser's Edge,technology,blackbaud the raiser s edge
Blackboard software,technology_or_category,blackboard software
Blink,technology,blink
Bootstrap,technology,bootstrap
Border Gateway Protocol BGP,technology,border gateway protocol bgp
Borland SilkTest,technology,borland silktest
Borland VisiBroker,technology,borland visibroker
Bourne Shell,technology,bourne shell
BroadVision software,technology_or_category,broadvision software
Bugzilla,technology,bugzilla
Business Objects Data Integrator,technology,business objects data integrator
Business intelligence software,technology_or_category,business intelligence software
Business intelligence system software,technology_or_category,business intelligence system software
Business software applications,technology_or_category,business software applications
C,technology,c
C shell,technology,c shell
C#,technology,c#
C++,technology,c++
CA Easytrieve Report Generator,technology,ca easytrieve report generator
CA IDMS,technology,ca idms
CA SiteMinder,technology,ca siteminder
CA Technologies ERWin Data Modeler,technology,ca technologies erwin data modeler
CAST SQL Builder,technology,cast sql builder
CMake,technology,cmake
CODESYS,technology,codesys
Call-processing language CPL,technology,call processing language cpl
Canu,technology,canu
Cascading style sheets CSS,technology,cascading style sheets css
Catalog navigation software,technology_or_category,catalog navigation software
Cerner Millennium,technology,cerner millennium
Cerner PowerChart,technology,cerner powerchart
Charm++,technology,charm++
ChartWare EMR,technology,chartware emr
Chatbot software,technology_or_category,chatbot software
Check Point Next Generation Secure Web Gateway,technology,check point next generation secure web gateway
Chef,technology,chef
Cisco IOS,technology,cisco ios
Cisco Systems Cisco NetFlow Collection Engine,technology_or_category,cisco systems cisco netflow collection engine
Cisco Systems CiscoWorks,technology_or_category,cisco systems ciscoworks
Cisco Webex,technology,cisco webex
Citrix XenApp,technology,citrix xenapp
Citrix cloud computing software,technology_or_category,citrix cloud computing software
Clarity Systems IBM Clarity,technology_or_category,clarity systems ibm clarity
Clipper,technology,clipper
Cloudera Impala,technology,cloudera impala
CloverETL,technology,cloveretl
Cluster server software,technology_or_category,cluster server software
Clustermatic,technology,clustermatic
Code generator software,technology_or_category,code generator software
Code munger software,technology_or_category,code munger software
CodeFutures dbShards,technology,codefutures dbshards
CoffeeCup The HTML Editor,technology,coffeecup the html editor
Coglin Mill RODIN,technology,coglin mill rodin
Collaborative Application Markup Language CAML,technology_or_category,collaborative application markup language caml
Collaborative editing software,technology_or_category,collaborative editing software
Command interpreters,technology,command interpreters
Common Lisp Object System CLOS,technology_or_category,common lisp object system clos
Common business oriented language COBOL,technology,common business oriented language cobol
Common gateway interface CGI,technology,common gateway interface cgi
Compatibility testing software,technology_or_category,compatibility testing software
Compilers,technology,compilers
Component object model COM software,technology_or_category,component object model com software
Component-based Scalable Logical Architecture CSLA,technology,component based scalable logical architecture csla
Computational statistics software,technology_or_category,computational statistics software
Computer Associates Log Analyzer,technology,computer associates log analyzer
Computer Associates integrated data management system CA-IDMS,technology_or_category,computer associates integrated data management system ca idms
Computer On-line Real-time Applications Language CORAL 66,technology_or_category,computer on line real time applications language coral 66
Computer aided design and drafting CADD software,technology_or_category,computer aided design and drafting cadd software
Computer aided software engineering CASE tools,technology_or_category,computer aided software engineering case tools
Computer forensic software,technology_or_category,computer forensic software
Computer system diagnostics software,technology_or_category,computer system diagnostics software
Computer-aided engineering CAE software,technology_or_category,computer aided engineering cae software
Computerized physician order entry CPOE software,technology_or_category,computerized physician order entry cpoe software
Concurrency control software,technology_or_category,concurrency control software
Concurrent Versions Systems,technology_or_category,concurrent versions systems
Conformance and validation testing software,technology_or_category,conformance and validation testing software
Content management systems CMS,technology_or_category,content management systems cms
Corel CorelDraw Graphics Suite,technology,corel coreldraw graphics suite
Cost estimating software,technology_or_category,cost estimating software
Couchbase Server,technology,couchbase server
CrossTec NetOp Remote Control,technology,crosstec netop remote control
CruiseControl,technology,cruisecontrol
Cryptographic key management software,technology_or_category,cryptographic key management software
Customer information control system CICS,technology_or_category,customer information control system cics
DBTools Software DBManager Professional,technology_or_category,dbtools software dbmanager professional
DOS shell script,technology,dos shell script
Dartware InterMapper,technology,dartware intermapper
Dassault Systemes CATIA,technology_or_category,dassault systemes catia
Dassault Systemes SolidWorks,technology_or_category,dassault systemes solidworks
Data Recovery Software SQL Server Data Recovery,technology_or_category,data recovery software sql server data recovery
Data analysis software,technology_or_category,data analysis software
Data definition language DDL,technology,data definition language ddl
Data dictionary software,technology_or_category,data dictionary software
Data manipulation language DML,technology,data manipulation language dml
Data mapping software,technology_or_category,data mapping software
Data modeling software,technology_or_category,data modeling software
Data transformation services DTS software,technology_or_category,data transformation services dts software
Data validation software,technology_or_category,data validation software
Data visualization software,technology_or_category,data visualization software
Data warehouse software,technology_or_category,data warehouse software
DataVision,technology,datavision
Database capacity planning software,technology_or_category,database capacity planning software
Database cloning software,technology_or_category,database cloning software
Database design software,technology_or_category,database design software
Database management systems,technology_or_category,database management systems
Database security software,technology_or_category,database security software
Database software,technology_or_category,database software
Database testing software,technology_or_category,database testing software
Debuggers,technology,debuggers
Debugging software,technology_or_category,debugging software
Debugview,technology,debugview
Decompilers,technology,decompilers
Defect tracking software,technology_or_category,defect tracking software
Delphi Technology,technology_or_category,delphi technology
Deployment software,technology_or_category,deployment software
Diagramming software,technology_or_category,diagramming software
Diameter,technology,diameter
Disk operating system DOS,technology_or_category,disk operating system dos
Distributed component object model DCOM software,technology_or_category,distributed component object model dcom software
Distributed database management software,technology_or_category,distributed database management software
Django,technology,django
Docker,technology,docker
Document Object Model DOM Scripting,technology,document object model dom scripting
Document management system software,technology_or_category,document management system software
Domain name system DNS,technology_or_category,domain name system dns
Doxygen,technology,doxygen
Dropbox,technology,dropbox
Drupal,technology,drupal
Dynamic analysis software,technology_or_category,dynamic analysis software
Dynamic host configuration protocol DHCP,technology,dynamic host configuration protocol dhcp
Dynamic hypertext markup language DHTML,technology,dynamic hypertext markup language dhtml
Dynamic modeling software,technology_or_category,dynamic modeling software
E++ pattern language,technology,e++ pattern language
EMC NetWorker,technology,emc networker
ESRI ArcGIS software,technology_or_category,esri arcgis software
Eclipse IDE,technology,eclipse ide
Eclipse Jersey,technology,eclipse jersey
Eiffel,technology,eiffel
Eko,technology,eko
Elasticsearch,technology,elasticsearch
Electronic design automation EDA software,technology_or_category,electronic design automation eda software
Electronic medical administration record eMAR software,technology_or_category,electronic medical administration record emar software
Element management software,technology_or_category,element management software
Ellucian Banner ERP,technology,ellucian banner erp
Email software,technology_or_category,email software
Embarcadero Delphi,technology,embarcadero delphi
Embarcadero ER/Studio XE,technology,embarcadero er studio xe
Embarcadero JBuilder,technology,embarcadero jbuilder
Embarcadero Technologies DBArtisan,technology,embarcadero technologies dbartisan
Embedded systems development software,technology_or_category,embedded systems development software
Emerald Software Group Emerald Green Office,technology_or_category,emerald software group emerald green office
Encryption software,technology_or_category,encryption software
End-to-end encryption software,technology_or_category,end to end encryption software
Enterprise JavaBeans,technology,enterprise javabeans
Enterprise application integration EAI software,technology_or_category,enterprise application integration eai software
Epic Systems,technology_or_category,epic systems
Ethereal,technology,ethereal
Event-driven State-machines Programming,technology_or_category,event driven state machines programming
Evernote,technology,evernote
Ext JS,technology,ext js
Extensible hypertext markup language XHTML,technology,extensible hypertext markup language xhtml
Extensible markup language XML,technology,extensible markup language xml
Extensible stylesheet language XSL,technology,extensible stylesheet language xsl
Extensible stylesheet language transformations XSLT,technology,extensible stylesheet language transformations xslt
FaceTime,technology,facetime
Facebook,technology,facebook
Fault testing software,technology_or_category,fault testing software
Figma,technology,figma
File server software,technology_or_category,file server software
FileMaker Pro,technology,filemaker pro
FileMon,technology,filemon
Finite element analysis FEA software,technology_or_category,finite element analysis fea software
Firewall software,technology_or_category,firewall software
FitNesse,technology,fitnesse
Flask,technology,flask
Flat File Checker,technology,flat file checker
FlexBox,technology,flexbox
Flipgrid,technology,flipgrid
Flow chart software,technology_or_category,flow chart software
Formula translation/translator FORTRAN,technology,formula translation translator fortran
Forth,technology,forth
Functional testing software,technology_or_category,functional testing software
Fund accounting software,technology_or_category,fund accounting software
GE Healthcare Centricity EMR,technology,ge healthcare centricity emr
GNU Image Manipulation Program GIMP,technology_or_category,gnu image manipulation program gimp
GRASPIT!,technology,graspit
Gambit Scheme,technology,gambit scheme
Gazebo,technology,gazebo
Geographic information system GIS software,technology_or_category,geographic information system gis software
Geographic information system GIS systems,technology_or_category,geographic information system gis systems
Ghidra,technology,ghidra
Git,technology,git
GitHub,technology,github
GitLab,technology,gitlab
Go,technology,go
Google Ads,technology,google ads
Google Analytics,technology,google analytics
Google Android,technology,google android
Google Angular,technology,google angular
Google Cloud software,technology_or_category,google cloud software
Google Docs,technology,google docs
Google Drive,technology,google drive
Google Gmail,technology,google gmail
Google Looker Analytics,technology,google looker analytics
Google Meet,technology,google meet
Google Sheets,technology,google sheets
Google Sites,technology,google sites
Google Slides,technology,google slides
Google Workspace software,technology_or_category,google workspace software
Gradle,technology,gradle
Grafana Labs Grafana Cloud,technology,grafana labs grafana cloud
Grails,technology,grails
GraphQL,technology,graphql
Graphical user interface GUI builder software,technology_or_category,graphical user interface gui builder software
Graphical user interface GUI design software,technology_or_category,graphical user interface gui design software
Graphics pipelines,technology,graphics pipelines
Greatis Object Inspector,technology,greatis object inspector
Greenhills Ada compilers,technology,greenhills ada compilers
Greenplum Database,technology,greenplum database
GroupMe,technology,groupme
Guidance Software EnCase Enterprise,technology_or_category,guidance software encase enterprise
Guidance Software EnCase Forensic,technology_or_category,guidance software encase forensic
HP DataProtector,technology,hp dataprotector
HP Fortify,technology,hp fortify
HP WebInspect,technology,hp webinspect
HashiCorp Vagrant,technology,hashicorp vagrant
Haskell,technology,haskell
Healthcare common procedure coding system HCPCS,technology_or_category,healthcare common procedure coding system hcpcs
Healthcare management system,technology_or_category,healthcare management system
Help desk software,technology_or_category,help desk software
Hewlett Packard HP-UX,technology,hewlett packard hp ux
Hewlett Packard LoadRunner,technology,hewlett packard loadrunner
Hewlett-Packard HP Network Node Manager,technology,hewlett packard hp network node manager
Hewlett-Packard HP QuickTest Professional,technology,hewlett packard hp quicktest professional
Hewlett-Packard HP TestDirector for Quality Center,technology,hewlett packard hp testdirector for quality center
Hewlett-Packard HP WinRunner,technology,hewlett packard hp winrunner
Hex-Rays IDA Pro,technology,hex rays ida pro
HiT Software Allora,technology_or_category,hit software allora
Hibernate ORM,technology,hibernate orm
Hierarchical simulation program with integrated circuit emphasis HSPICE,technology_or_category,hierarchical simulation program with integrated circuit emphasis hspice
High-performance software libraries,technology_or_category,high performance software libraries
Honeypot,technology,honeypot
HubSpot software,technology_or_category,hubspot software
Hugging Face,technology,hugging face
Human machine interface HMI software,technology_or_category,human machine interface hmi software
Human resource management software HRMS,technology_or_category,human resource management software hrms
HyperSpace,technology,hyperspace
Hypertext markup language HTML,technology,hypertext markup language html
IBM ADSTAR,technology,ibm adstar
IBM AIX,technology,ibm aix
IBM Clarity Systems Clarity,technology_or_category,ibm clarity systems clarity
IBM Cognos Impromptu,technology,ibm cognos impromptu
IBM Content Manager,technology,ibm content manager
IBM DB2,technology,ibm db2
IBM Director,technology,ibm director
IBM Domino,technology,ibm domino
IBM ILOG,technology,ibm ilog
IBM InfoSphere DataStage,technology,ibm infosphere datastage
IBM InfoSphere Warehouse,technology,ibm infosphere warehouse
IBM Informix,technology,ibm informix
IBM Infosphere Information Server,technology,ibm infosphere information server
IBM Interactive System Productivity Facility ISPF,technology_or_category,ibm interactive system productivity facility ispf
IBM Lotus SameTime,technology,ibm lotus sametime
IBM Middleware,technology,ibm middleware
IBM NetView,technology,ibm netview
IBM Netezza TwinFin,technology,ibm netezza twinfin
IBM Notes,technology,ibm notes
IBM Power Systems software,technology_or_category,ibm power systems software
IBM QRadar SIEM,technology,ibm qradar siem
IBM Rational Apex,technology,ibm rational apex
IBM Rational Application Developer,technology_or_category,ibm rational application developer
IBM Rational Build Forge,technology,ibm rational build forge
IBM Rational ClearCase,technology,ibm rational clearcase
IBM Rational ClearQuest,technology,ibm rational clearquest
IBM Rational Data Architect,technology,ibm rational data architect
IBM Rational PurifyPlus,technology,ibm rational purifyplus
IBM Rational RequisitePro,technology,ibm rational requisitepro
IBM Rational Robot,technology,ibm rational robot
IBM Rational Rose XDE,technology,ibm rational rose xde
IBM Rational System Architect,technology_or_category,ibm rational system architect
IBM Resource Access Control Facility RACF,technology,ibm resource access control facility racf
IBM SPSS Statistics,technology,ibm spss statistics
IBM Terraform,technology,ibm terraform
IBM Tivoli Access Management TAM,technology,ibm tivoli access management tam
IBM Tivoli Identity Management TIM,technology,ibm tivoli identity management tim
IBM Tivoli software,technology_or_category,ibm tivoli software
IBM Unica Enterprise,technology,ibm unica enterprise
IBM WebSphere,technology,ibm websphere
IBM WebSphere MQ,technology,ibm websphere mq
IBM z/OS operating systems,technology_or_category,ibm z os operating systems
ICON programming language,technology_or_category,icon programming language
IEA Software Emerald,technology_or_category,iea software emerald
IONA Orbix,technology,iona orbix
ISS RealSecure,technology,iss realsecure
Image processors,technology,image processors
Imperva SecureSphere,technology,imperva securesphere
InScribe,technology,inscribe
InVision software,technology_or_category,invision software
Incremental compiler software,technology_or_category,incremental compiler software
Index tuning software,technology_or_category,index tuning software
Infobright Community Edition ICE,technology,infobright community edition ice
Informatica Big Data,technology,informatica big data
Informatica Corporation PowerCenter,technology,informatica corporation powercenter
Informatica Data Explorer,technology,informatica data explorer
Informatica PowerCenter,technology,informatica powercenter
Informatica software,technology_or_category,informatica software
Information Builders WebFOCUS,technology,information builders webfocus
Inline code expander software,technology_or_category,inline code expander software
InstallShield,technology,installshield
Integrated development environment IDE software,technology_or_category,integrated development environment ide software
Integration testing software,technology_or_category,integration testing software
Integrity verification software,technology_or_category,integrity verification software
Intel Data Migration Software,technology_or_category,intel data migration software
Intel Integrated Performance Primitives,technology,intel integrated performance primitives
Intel Math Kernel Library,technology,intel math kernel library
InterMine,technology,intermine
Interface Computers Data Loader,technology,interface computers data loader
Interface definition language IDL,technology,interface definition language idl
Interoperability testing software,technology_or_category,interoperability testing software
Interpreter software,technology_or_category,interpreter software
Interstate connection ICON,technology,interstate connection icon
Intrusion detection system IDS,technology_or_category,intrusion detection system ids
Intrusion prevention system IPS,technology_or_category,intrusion prevention system ips
Invicti Acunetix,technology,invicti acunetix
IpFilter,technology,ipfilter
IpTables,technology,iptables
J,technology,j
JFrog Artifactory,technology,jfrog artifactory
JUnit,technology,junit
JamBoard,technology,jamboard
JavaScript,technology,javascript
JavaScript Object Notation JSON,technology,javascript object notation json
JavaScript framework software,technology_or_category,javascript framework software
Jekyll,technology,jekyll
Jenkins CI,technology,jenkins ci
Jest,technology,jest
JetBrains IntelliJ IDEA,technology,jetbrains intellij idea
JetBrains PhpStorm,technology,jetbrains phpstorm
Jitterbit,technology,jitterbit
Job control language JCL,technology,job control language jcl
Joomla,technology,joomla
Julia,technology,julia
Juniper Networks NetScreen-Security Manager,technology,juniper networks netscreen security manager
Jupyter Notebook,technology,jupyter notebook
Jupyter software,technology_or_category,jupyter software
Just-in-time compiler,technology,just in time compiler
Kali Linux,technology,kali linux
Kalido Information Engine,technology,kalido information engine
Kapwing,technology,kapwing
Keb Combivis Studio,technology,keb combivis studio
Keras,technology,keras
Keystroke monitoring software,technology_or_category,keystroke monitoring software
KornShell,technology,kornshell
Kotlin,technology,kotlin
Kubeflow,technology,kubeflow
Kubernetes,technology,kubernetes
LAMP Stack,technology,lamp stack
Laboratory information management system LIMS,technology_or_category,laboratory information management system lims
Ladder Logic,technology,ladder logic
LangChain,technology,langchain
Lavalys Everest,technology,lavalys everest
Learning management system LMS,technology_or_category,learning management system lms
LexisNexis,technology,lexisnexis
LibreOffice,technology,libreoffice
Link encryption software,technology_or_category,link encryption software
LinkedIn,technology,linkedin
Linux,technology,linux
List processing language LISP,technology,list processing language lisp
Load testing software,technology_or_category,load testing software
Local area network LAN software,technology_or_category,local area network lan software
LogMatrix NerveCenter,technology,logmatrix nervecenter
LogMeIn GoToMeeting,technology,logmein gotomeeting
LogMeIn GoToWebinar,technology,logmein gotowebinar
Logo design software,technology_or_category,logo design software
Loom,technology,loom
Low-level debugger software,technology_or_category,low level debugger software
Low-level virtual machine LLVM compilers,technology,low level virtual machine llvm compilers
MEDITECH Healthcare Information System HCIS,technology_or_category,meditech healthcare information system hcis
MEDITECH software,technology_or_category,meditech software
MITRE ATT&CK software,technology_or_category,mitre att ck software
MUMPS M,technology,mumps m
Mac HelpMate,technology,mac helpmate
Magellan Firmware,technology,magellan firmware
Management information base MIB software,technology_or_category,management information base mib software
Management information systems MIS,technology_or_category,management information systems mis
MapR Converged Data Platform,technology_or_category,mapr converged data platform
MapReduce big data software,technology_or_category,mapreduce big data software
MariaDB,technology,mariadb
MarkLogic,technology,marklogic
Marketo Marketing Automation,technology,marketo marketing automation
MathWorks Simulink,technology,mathworks simulink
Mathematical software,technology_or_category,mathematical software
McAfee,technology,mcafee
McAfee Enterprise Security Manager,technology,mcafee enterprise security manager
McAfee VirusScan,technology,mcafee virusscan
McKesson ANSOS One-Staff,technology,mckesson ansos one staff
Medical condition coding software,technology_or_category,medical condition coding software
Medical procedure coding software,technology_or_category,medical procedure coding software
Mediware ClosedLoop Clinical Systems,technology_or_category,mediware closedloop clinical systems
Mediware Information Systems MediCOE,technology_or_category,mediware information systems medicoe
Medscribbler Enterprise,technology,medscribbler enterprise
Metasploit,technology,metasploit
MeteorJS,technology,meteorjs
Micosoft SQL Server Analysis Services SSAS,technology,micosoft sql server analysis services ssas
Micro Focus OpenView,technology,micro focus openview
MicroFour PracticeStudio.NET EMR,technology,microfour practicestudio.net emr
MicroStrategy,technology,microstrategy
Micromuse NetCool,technology,micromuse netcool
Microservices Architecture,technology,microservices architecture
Microsoft .NET Framework,technology,microsoft .net framework
Microsoft ASP.NET,technology,microsoft asp.net
Microsoft ASP.NET Core MVC,technology,microsoft asp.net core mvc
Microsoft Access,technology,microsoft access
Microsoft Active Directory,technology,microsoft active directory
Microsoft Active Server Pages ASP,technology,microsoft active server pages asp
Microsoft ActiveX,technology,microsoft activex
Microsoft Azure Data Factory,technology,microsoft azure data factory
Microsoft Azure DevOps Services,technology,microsoft azure devops services
Microsoft Azure Sentinel,technology,microsoft azure sentinel
Microsoft Azure software,technology_or_category,microsoft azure software
Microsoft Commerce Server,technology,microsoft commerce server
Microsoft DNS Server,technology,microsoft dns server
Microsoft Defender Antivirus,technology,microsoft defender antivirus
Microsoft DirectX,technology,microsoft directx
Microsoft Dynamics,technology,microsoft dynamics
Microsoft Dynamics GP,technology,microsoft dynamics gp
Microsoft ESP SDK,technology,microsoft esp sdk
Microsoft Excel,technology,microsoft excel
Microsoft Exchange,technology,microsoft exchange
Microsoft Extensible Application Markup Language (XAML),technology_or_category,microsoft extensible application markup language xaml
Microsoft FrontPage,technology,microsoft frontpage
Microsoft Hyper-V Server,technology,microsoft hyper v server
Microsoft Internet Explorer,technology,microsoft internet explorer
Microsoft Internet Information Services (IIS),technology,microsoft internet information services iis
Microsoft Internet Information Services (IIS) Manager,technology,microsoft internet information services iis manager
Microsoft Office software,technology_or_category,microsoft office software
Microsoft OneNote,technology,microsoft onenote
Microsoft Outlook,technology,microsoft outlook
Microsoft Playwright,technology,microsoft playwright
Microsoft Power Automate,technology,microsoft power automate
Microsoft Power BI,technology,microsoft power bi
Microsoft Power Platform software,technology_or_category,microsoft power platform software
Microsoft PowerPoint,technology,microsoft powerpoint
Microsoft PowerShell,technology,microsoft powershell
Microsoft Proclarity,technology,microsoft proclarity
Microsoft Project,technology,microsoft project
Microsoft Publisher,technology,microsoft publisher
Microsoft SQL Server,technology,microsoft sql server
Microsoft SQL Server Integration Services SSIS,technology,microsoft sql server integration services ssis
Microsoft SQL Server Reporting Services SSRS,technology,microsoft sql server reporting services ssrs
Microsoft Security Esssentials,technology,microsoft security esssentials
Microsoft SharePoint,technology,microsoft sharepoint
Microsoft SharePoint Server,technology,microsoft sharepoint server
Microsoft Silverlight,technology,microsoft silverlight
Microsoft Systems Management Server,technology_or_category,microsoft systems management server
Microsoft Team Foundation Server,technology,microsoft team foundation server
Microsoft Teams,technology,microsoft teams
Microsoft Virtual Server,technology,microsoft virtual server
Microsoft Visio,technology,microsoft visio
Microsoft Visual Basic,technology,microsoft visual basic
Microsoft Visual Basic Scripting Edition VBScript,technology,microsoft visual basic scripting edition vbscript
Microsoft Visual Basic for Applications VBA,technology_or_category,microsoft visual basic for applications vba
Microsoft Visual Basic.NET,technology,microsoft visual basic.net
Microsoft Visual C# .NET,technology,microsoft visual c# .net
Microsoft Visual FoxPro,technology,microsoft visual foxpro
Microsoft Visual InterDev,technology,microsoft visual interdev
Microsoft Visual SourceSafe,technology,microsoft visual sourcesafe
Microsoft Visual Studio,technology,microsoft visual studio
Microsoft Visual Studio.NET,technology,microsoft visual studio.net
Microsoft Windows,technology,microsoft windows
Microsoft Windows SDK,technology,microsoft windows sdk
Microsoft Windows Server,technology,microsoft windows server
Microsoft Windows Sysprep,technology,microsoft windows sysprep
Microsoft Windows Terminal Services Access Manager,technology,microsoft windows terminal services access manager
Microsoft Windows XP,technology,microsoft windows xp
Microsoft Word,technology,microsoft word
Microsoft transact-structural query language T-SQL,technology,microsoft transact structural query language t sql
Migration software,technology_or_category,migration software
Migration testing software,technology_or_category,migration testing software
Minitab,technology,minitab
Mixed code generator,technology,mixed code generator
Mlflow,technology,mlflow
Modula,technology,modula
MongoDB,technology,mongodb
Moodle,technology,moodle
Mozilla Firefox,technology,mozilla firefox
MuleSoft software,technology_or_category,mulesoft software
Multi-router traffic grapher MRTG software,technology_or_category,multi router traffic grapher mrtg software
Multidimensional Expressions MDX,technology,multidimensional expressions mdx
Multisensory data representation software,technology_or_category,multisensory data representation software
Mutation testing software,technology_or_category,mutation testing software
MySQL,technology,mysql
NUnit,technology,nunit
Nagios,technology,nagios
National Instruments LabVIEW,technology,national instruments labview
Nearpod,technology,nearpod
Neo4j,technology,neo4j
NetSuite ERP,technology,netsuite erp
Netsmart Technologies CareNet,technology,netsmart technologies carenet
Network address management software,technology_or_category,network address management software
Network addressable storage NAS software,technology_or_category,network addressable storage nas software
Network and application load and performance testing software,technology_or_category,network and application load and performance testing software
Network and component performance analysis software,technology_or_category,network and component performance analysis software
Network and system vulnerability assessment software,technology_or_category,network and system vulnerability assessment software
Network availability monitoring software,technology_or_category,network availability monitoring software
Network directory services software,technology_or_category,network directory services software
Network documentation software,technology_or_category,network documentation software
Network intrusion detection software,technology_or_category,network intrusion detection software
Network intrusion prevention systems NIPS,technology_or_category,network intrusion prevention systems nips
Network management software,technology_or_category,network management software
"Network modeling, mapping, and analysis software",technology_or_category,network modeling mapping and analysis software
Network security auditing software,technology_or_category,network security auditing software
Network shutdown software,technology_or_category,network shutdown software
Network traffic flow monitoring and analysis software,technology_or_category,network traffic flow monitoring and analysis software
Network traffic probe software,technology_or_category,network traffic probe software
"Network, hardware, and software auditing software",technology_or_category,network hardware and software auditing software
"Network, server and operating system optimization software",technology_or_category,network server and operating system optimization software
NextGen Healthcare Information Systems EMR,technology_or_category,nextgen healthcare information systems emr
Nmap,technology,nmap
NoSQL,technology,nosql
Node.js,technology,node.js
Norton AntiVirus,technology,norton antivirus
NortonLifeLock cybersecurity software,technology_or_category,nortonlifelock cybersecurity software
Novell NetWare Management Station,technology,novell netware management station
NumPy,technology,numpy
Nunjucks,technology,nunjucks
Oberon,technology,oberon
Object Management Group Object Request Broker,technology,object management group object request broker
Object database management system ODBMS,technology_or_category,object database management system odbms
Object oriented development environment software,technology_or_category,object oriented development environment software
Objective C,technology,objective c
Objective Caml,technology,objective caml
Omni Group OmniGraffle,technology,omni group omnigraffle
One pass compiler software,technology_or_category,one pass compiler software
Online traffic calculator software,technology_or_category,online traffic calculator software
Open Graphics Library OpenGL,technology,open graphics library opengl
Open source routing protocols OSPF,technology,open source routing protocols ospf
OpenAI ChatGPT,technology,openai chatgpt
OpenService Open NerveCenter,technology,openservice open nervecenter
OpenText Livelink ECM,technology,opentext livelink ecm
OpenVAS,technology,openvas
Operating system process control software,technology_or_category,operating system process control software
Operating system shells,technology_or_category,operating system shells
Operational Data Store ODS software,technology_or_category,operational data store ods software
Optimization software,technology_or_category,optimization software
OrCAD Capture,technology,orcad capture
Oracle Application Express APEX,technology_or_category,oracle application express apex
Oracle Application Server,technology_or_category,oracle application server
Oracle Business Intelligence Discoverer,technology,oracle business intelligence discoverer
Oracle Business Intelligence Enterprise Edition,technology,oracle business intelligence enterprise edition
Oracle Business Intelligence Suite,technology,oracle business intelligence suite
Oracle Cloud software,technology_or_category,oracle cloud software
Oracle Data Guard,technology,oracle data guard
Oracle Data Integrator,technology,oracle data integrator
Oracle Database,technology,oracle database
Oracle Designer,technology,oracle designer
Oracle E-Business Suite Financials,technology,oracle e business suite financials
Oracle Eloqua,technology,oracle eloqua
Oracle Enterprise Manager,technology,oracle enterprise manager
Oracle Enterprise Manager Cloud Control,technology,oracle enterprise manager cloud control
Oracle Essbase,technology,oracle essbase
Oracle Fusion Applications,technology_or_category,oracle fusion applications
Oracle Fusion Middleware,technology,oracle fusion middleware
Oracle Golden Gate,technology,oracle golden gate
Oracle Hyperion,technology,oracle hyperion
Oracle JD Edwards EnterpriseOne,technology,oracle jd edwards enterpriseone
Oracle JDBC,technology,oracle jdbc
Oracle Java,technology,oracle java
Oracle Java 2 Platform Enterprise Edition J2EE,technology_or_category,oracle java 2 platform enterprise edition j2ee
Oracle Java Message Service JMS,technology,oracle java message service jms
Oracle JavaServer Pages JSP,technology,oracle javaserver pages jsp
Oracle Jdeveloper,technology,oracle jdeveloper
Oracle Learning Management,technology,oracle learning management
Oracle Master Data Management MDM Suite,technology,oracle master data management mdm suite
Oracle Migration Workbench,technology,oracle migration workbench
Oracle Net Manager,technology,oracle net manager
Oracle PL/SQL,technology,oracle pl sql
Oracle PeopleSoft,technology,oracle peoplesoft
Oracle PeopleSoft Financials,technology,oracle peoplesoft financials
Oracle Primavera Enterprise Project Portfolio Management,technology,oracle primavera enterprise project portfolio management
Oracle Real Application Cluster RAC,technology_or_category,oracle real application cluster rac
Oracle Recovery Manager,technology,oracle recovery manager
Oracle Reports,technology,oracle reports
Oracle SQL Developer,technology,oracle sql developer
Oracle SQL Loader,technology,oracle sql loader
Oracle SQL Plus,technology,oracle sql plus
Oracle Siebel Marketing Resource Management,technology,oracle siebel marketing resource management
Oracle Solaris,technology,oracle solaris
Oracle Taleo,technology,oracle taleo
Oracle Unified Directory,technology,oracle unified directory
Oracle Warehouse Builder,technology,oracle warehouse builder
Oracle WebLogic Server,technology,oracle weblogic server
PHP,technology,php
PTC Creo Parametric,technology,ptc creo parametric
Packet filter software,technology_or_category,packet filter software
Packet tracing software,technology_or_category,packet tracing software
Palo Alto Networks Next-Generation Security Platform,technology_or_category,palo alto networks next generation security platform
Panorama NovaView,technology,panorama novaview
ParAccel Analytic Database,technology,paraccel analytic database
Parallel systems software,technology_or_category,parallel systems software
ParentSquare,technology,parentsquare
Partial class generator software,technology_or_category,partial class generator software
Pascal,technology,pascal
Password cracker software,technology_or_category,password cracker software
Password management software,technology_or_category,password management software
Patch and update management software,technology_or_category,patch and update management software
Patch management software,technology_or_category,patch management software
Penetration testing software,technology_or_category,penetration testing software
Pentaho Kettle,technology,pentaho kettle
Perforce Helix software,technology_or_category,perforce helix software
Perforce Software Configuration Management System,technology_or_category,perforce software configuration management system
Perl,technology,perl
Perl shell,technology,perl shell
Personal computer diagnostic software,technology_or_category,personal computer diagnostic software
PhantomJS,technology,phantomjs
Picis CareSuite,technology,picis caresuite
Ping Identity,technology,ping identity
Platform as a service PaaS,technology_or_category,platform as a service paas
Plug-in file software,technology_or_category,plug in file software
Polaris parallelizing compilers,technology,polaris parallelizing compilers
Polhemus Fasttrack System,technology_or_category,polhemus fasttrack system
Popkin System Architect,technology_or_category,popkin system architect
Portswigger BurP Suite,technology,portswigger burp suite
PostgreSQL,technology,postgresql
Postman,technology,postman
PowerSoft PowerBuilder,technology,powersoft powerbuilder
Presagis Stage,technology,presagis stage
Profilers,technology,profilers
Program checksumming software,technology_or_category,program checksumming software
Programmable logic controller PLC software,technology_or_category,programmable logic controller plc software
Programming language one PL/I,technology_or_category,programming language one pl i
Progress OpenEdge ABL,technology,progress openedge abl
Progress Sonic ESB,technology,progress sonic esb
Progress WebSpeed Workshop,technology,progress webspeed workshop
Prolog,technology,prolog
Prometheus,technology,prometheus
PuTTY,technology,putty
Puppet,technology,puppet
PySpark,technology,pyspark
PyTorch,technology,pytorch
Python,technology,python
QNX,technology,qnx
Qlik Tech QlikView,technology,qlik tech qlikview
Qlik software,technology_or_category,qlik software
Qualys Cloud Platform,technology_or_category,qualys cloud platform
Quest BigBrother,technology,quest bigbrother
Quest Central,technology,quest central
Quest Erwin Data Modeler,technology,quest erwin data modeler
Quest Foglight,technology,quest foglight
Quest SQL Optimizer for Oracle,technology,quest sql optimizer for oracle
Quest SharePlex,technology,quest shareplex
R,technology,r
REST Assured,technology,rest assured
RESTful API,technology,restful api
RabbitMQ,technology,rabbitmq
Rapid-I RapidMiner,technology,rapid i rapidminer
Rapid7 Nexpose,technology,rapid7 nexpose
Rapid7 software,technology_or_category,rapid7 software
Rapide,technology,rapide
ReCrystallize Crystal Reports,technology,recrystallize crystal reports
React,technology,react
React Native,technology,react native
React Redux,technology,react redux
Real time operating system RTOS software,technology_or_category,real time operating system rtos software
Recovery testing software,technology_or_category,recovery testing software
Red Hat Ansible Engine,technology,red hat ansible engine
Red Hat Enterprise Linux,technology,red hat enterprise linux
Red Hat OpenShift,technology,red hat openshift
Red Hat WildFly,technology,red hat wildfly
Redgate SQL Server,technology,redgate sql server
Redis,technology,redis
RegMon,technology,regmon
Regression testing software,technology_or_category,regression testing software
Relational database management software,technology_or_category,relational database management software
Relational database management system software,technology_or_category,relational database management system software
Remote authentication dial-in user service RADIUS software,technology_or_category,remote authentication dial in user service radius software
Remote control software,technology_or_category,remote control software
Remote desktop control software,technology_or_category,remote desktop control software
Remote monitoring software,technology_or_category,remote monitoring software
Reporting software,technology_or_category,reporting software
RequireJS,technology,requirejs
Requirements management software,technology_or_category,requirements management software
Restructured extended executor REXX,technology,restructured extended executor rexx
Retargetable compiler,technology,retargetable compiler
Revision control software,technology_or_category,revision control software
Rice Simulator for ILP Multiprocessors RSIM,technology,rice simulator for ilp multiprocessors rsim
Robotics Academy ROBOTC,technology,robotics academy robotc
Rockwell RSLogix,technology,rockwell rslogix
Rogue Wave Software IMSL Numerical Libraries,technology_or_category,rogue wave software imsl numerical libraries
Root cause analysis software,technology_or_category,root cause analysis software
Root kit detection software,technology_or_category,root kit detection software
Router software,technology_or_category,router software
Ruby,technology,ruby
Ruby on Rails,technology,ruby on rails
Rust programming language,technology_or_category,rust programming language
SAND,technology,sand
SAP Adaptive Server Enterprise,technology,sap adaptive server enterprise
SAP Business Intelligence,technology,sap business intelligence
SAP Business Objects,technology,sap business objects
SAP BusinessObjects Crystal Reports,technology,sap businessobjects crystal reports
SAP BusinessObjects Data Integrator,technology,sap businessobjects data integrator
SAP BusinessObjects Desktop Intelligence,technology,sap businessobjects desktop intelligence
SAP Crystal Reports,technology,sap crystal reports
SAP ERP,technology,sap erp
SAP IQ,technology,sap iq
SAP Master Data Management MDM,technology,sap master data management mdm
SAP NetWeaver,technology,sap netweaver
SAP NetWeaver BW,technology,sap netweaver bw
SAP PowerBuilder,technology,sap powerbuilder
SAP PowerDesigner,technology,sap powerdesigner
SAP Replication Server,technology,sap replication server
SAP software,technology_or_category,sap software
SAS,technology,sas
SAS Data Integration Server,technology,sas data integration server
SAS Data Integration Studio,technology,sas data integration studio
SMSi Twister Data Integrator,technology,smsi twister data integrator
SOAPware EMR,technology,soapware emr
Safe Software FME,technology_or_category,safe software fme
Salesforce Marketing Cloud,technology,salesforce marketing cloud
Salesforce Visualforce,technology,salesforce visualforce
Salesforce software,technology_or_category,salesforce software
Scala,technology,scala
Scheme,technology,scheme
SciPy,technology,scipy
Scikit-learn,technology,scikit learn
Screencast-O-Matic,technology,screencast o matic
Screencastify,technology,screencastify
Scriptella,technology,scriptella
Secure internet filtering software,technology_or_category,secure internet filtering software
Secure shell SSH software,technology_or_category,secure shell ssh software
Security assertion markup language SAML,technology,security assertion markup language saml
Security incident management software,technology_or_category,security incident management software
Security risk assessment software,technology_or_category,security risk assessment software
Security testing software,technology_or_category,security testing software
Seimens Healthineers,technology,seimens healthineers
Selenium,technology,selenium
SentryOne SQL Sentry,technology,sentryone sql sentry
ServiceNow,technology,servicenow
Shell script,technology,shell script
Shiny,technology,shiny
SiSense Prism,technology,sisense prism
Siemens SIMATIC STEP 7,technology,siemens simatic step 7
Siemens SIMATIC WinCC,technology,siemens simatic wincc
Simple API for XML SAX,technology,simple api for xml sax
Simple network management protocol SNMP software,technology_or_category,simple network management protocol snmp software
Simulation program with integrated circuit emphasis SPICE,technology_or_category,simulation program with integrated circuit emphasis spice
Simulation software,technology_or_category,simulation software
Single sign-on SSO,technology,single sign on sso
Sitecore CMS,technology,sitecore cms
Skype,technology,skype
Slack,technology,slack
Slido interaction software,technology_or_category,slido interaction software
Smalltalk,technology,smalltalk
Smart card management software,technology_or_category,smart card management software
SmartBear Software AutomatedQA TestComplete,technology_or_category,smartbear software automatedqa testcomplete
SmugMug Flickr,technology,smugmug flickr
Sniffer Investigator,technology,sniffer investigator
Snort,technology,snort
Snowflake,technology,snowflake
Social media sites,technology,social media sites
Software as a service SaaS,technology_or_category,software as a service saas
Software asset management SAM software,technology_or_category,software asset management sam software
Software development tools,technology_or_category,software development tools
Software distribution management software,technology_or_category,software distribution management software
Software distribution software,technology_or_category,software distribution software
Software libraries,technology_or_category,software libraries
SolarWinds,technology,solarwinds
Solidity,technology,solidity
SonarQube,technology,sonarqube
Sony Sound Forge,technology,sony sound forge
Sorenson Media Sorenson Squeeze,technology,sorenson media sorenson squeeze
Source code editor software,technology_or_category,source code editor software
Source code management SCM software,technology_or_category,source code management scm software
Source code migration software,technology_or_category,source code migration software
Sparta Systems TrackWise,technology_or_category,sparta systems trackwise
SpectraQuest,technology,spectraquest
Splunk Enterprise,technology,splunk enterprise
Spring Boot,technology,spring boot
Spring Framework,technology,spring framework
Stac Software ReachOut,technology_or_category,stac software reachout
Stack smashing protection SSP software,technology_or_category,stack smashing protection ssp software
StatCom Patient Flow Logistics Enterprise Suite,technology,statcom patient flow logistics enterprise suite
StataCorp Stata,technology,statacorp stata
Static analysis software,technology_or_category,static analysis software
Statistical software,technology_or_category,statistical software
Storage area network SAN software,technology_or_category,storage area network san software
Storage management software,technology_or_category,storage management software
Stress testing software,technology_or_category,stress testing software
String oriented symbolic language SNOBOL,technology,string oriented symbolic language snobol
Structure prediction software,technology_or_category,structure prediction software
Structured Query Report SQR,technology,structured query report sqr
Structured query language SQL,technology,structured query language sql
Sun Microsystems Java Persistence API,technology_or_category,sun microsystems java persistence api
Sun Microsystems Java Servlet API,technology_or_category,sun microsystems java servlet api
Sun Microsystems Sun ONE,technology_or_category,sun microsystems sun one
Supervisory control and data acquisition SCADA software,technology_or_category,supervisory control and data acquisition scada software
Swift,technology,swift
Switch software,technology_or_category,switch software
Symantec Blue Coat Data Loss Prevention,technology,symantec blue coat data loss prevention
Symantec Endpoint Protection,technology,symantec endpoint protection
Symantec Ghost Solution Suite,technology,symantec ghost solution suite
Symantec Visual Cafe,technology,symantec visual cafe
Symantec pcAnywhere,technology,symantec pcanywhere
Symark PowerBroker,technology,symark powerbroker
Symbolic debugger software,technology_or_category,symbolic debugger software
SynaMed EMR,technology,synamed emr
Syntactically awesome style sheets SASS,technology,syntactically awesome style sheets sass
System and data disaster recovery software,technology_or_category,system and data disaster recovery software
System testing software,technology_or_category,system testing software
Systems and application deployment and migration software,technology_or_category,systems and application deployment and migration software
Systems and applications migration software,technology_or_category,systems and applications migration software
Systems and data disaster recovery software,technology_or_category,systems and data disaster recovery software
Systems integration software,technology_or_category,systems integration software
TIBCO Spotfire,technology,tibco spotfire
TKSoftware RCM software,technology_or_category,tksoftware rcm software
Tableau,technology,tableau
Talend Big Data Integration,technology,talend big data integration
Talend Data Fabric,technology,talend data fabric
Talend Open Studio,technology,talend open studio
TalendForge,technology,talendforge
Tanium software,technology_or_category,tanium software
Tax software,technology_or_category,tax software
Tcpdump,technology,tcpdump
Tenable Nessus,technology,tenable nessus
TensorFlow,technology,tensorflow
Teradata Active Enterprise Data Warehouse,technology,teradata active enterprise data warehouse
Teradata BTEQ,technology,teradata bteq
Teradata Database,technology,teradata database
Teradata FastExport,technology,teradata fastexport
Teradata FastLoad,technology,teradata fastload
Teradata Parallel Transporter,technology,teradata parallel transporter
Teradata Tpump,technology,teradata tpump
Test data generator software,technology_or_category,test data generator software
Test design software,technology_or_category,test design software
Test implementation software,technology_or_category,test implementation software
TestNG,technology,testng
Testing software,technology_or_category,testing software
Texas Medical Software SpringCharts EMR,technology_or_category,texas medical software springcharts emr
The MathWorks MATLAB,technology,the mathworks matlab
Threaded code compiler,technology,threaded code compiler
Tier generator software,technology_or_category,tier generator software
Time sharing option TSO software,technology_or_category,time sharing option tso software
ToadSoft Toad,technology,toadsoft toad
Tool command language Tcl,technology_or_category,tool command language tcl
Transact-SQL,technology,transact sql
Travis,technology,travis
Trend Micro TippingPoint,technology,trend micro tippingpoint
Trimble SketchUp Pro,technology,trimble sketchup pro
Twiki,technology,twiki
TypeScript,technology,typescript
UNIX,technology,unix
UNIX Shell,technology,unix shell
USyCaMs,technology,usycams
Ubuntu,technology,ubuntu
Unified modeling language UML,technology,unified modeling language uml
Unit testing software,technology_or_category,unit testing software
Usability testing software,technology_or_category,usability testing software
VISICU eICU Program,technology_or_category,visicu eicu program
VME PowerPC VxWorks,technology,vme powerpc vxworks
VMWare ESX Server,technology,vmware esx server
VMWare Workstation,technology,vmware workstation
VMware,technology,vmware
Variable frequency drive VFD software,technology_or_category,variable frequency drive vfd software
Vector 35 Binary Ninja,technology,vector 35 binary ninja
Vector database software,technology_or_category,vector database software
Verilog,technology,verilog
Veritas NetBackup,technology,veritas netbackup
Version control software,technology_or_category,version control software
Video digitizers,technology,video digitizers
Video editing software,technology_or_category,video editing software
Vignette Content Management,technology,vignette content management
Vignette Portal,technology,vignette portal
Virage VS Archive,technology,virage vs archive
Virtual local area network management software,technology_or_category,virtual local area network management software
Virtual network computing VNC software,technology_or_category,virtual network computing vnc software
Virtual private networking VPN software,technology_or_category,virtual private networking vpn software
Virus scanning software,technology_or_category,virus scanning software
Visible Razor,technology,visible razor
Visual Paradigm DB Visual ARCHITECT,technology,visual paradigm db visual architect
Voice over internet protocol VoIP system software,technology_or_category,voice over internet protocol voip system software
Vue.js,technology,vue.js
Waikato Environment for Knowledge Analysis Weka,technology,waikato environment for knowledge analysis weka
Watir,technology,watir
Web application framework software,technology_or_category,web application framework software
Web application software,technology_or_category,web application software
Web browser software,technology_or_category,web browser software
Web content management system CMS software,technology_or_category,web content management system cms software
Web framework software,technology_or_category,web framework software
Web server software,technology_or_category,web server software
Web service definition language WDSL,technology,web service definition language wdsl
WebFOCUS,technology,webfocus
WebTrends Analytics,technology,webtrends analytics
Websense Data Loss Prevention,technology,websense data loss prevention
Wide area network WAN software,technology_or_category,wide area network wan software
Win CE,technology,win ce
WinMerge,technology,winmerge
Wind River Systems VxWorks,technology_or_category,wind river systems vxworks
Wind River VxWorks,technology,wind river vxworks
Windows Embedded Compact,technology,windows embedded compact
Wireshark,technology,wireshark
WisdomForce DatabaseSync System,technology_or_category,wisdomforce databasesync system
Wise Solutions Wise for Windows Installer,technology,wise solutions wise for windows installer
WordPress,technology,wordpress
Workday software,technology_or_category,workday software
Workflow software,technology_or_category,workflow software
XGBoost,technology,xgboost
XML Path Language XPATH,technology,xml path language xpath
Xcode,technology,xcode
Xerces2 Java Parser,technology,xerces2 java parser
YouTube,technology,youtube
YourKit Java Profiler,technology,yourkit java profiler
Zabbix,technology,zabbix
Zend Framework,technology,zend framework
Zoom,technology,zoom
dBASE Plus,technology,dbase plus
e-MDs software,technology_or_category,e mds software
eClinicalWorks EHR software,technology_or_category,eclinicalworks ehr software
eMASS,technology,emass
ej-technologies JProfiler,technology,ej technologies jprofiler
jQuery,technology,jquery
pandas,technology,pandas
spaCy,technology,spacy
webpack,technology,webpack
xQuery,technology,xquery
